Government consolidated gross debt;2002-Q1;2002-Q2;2002-Q3;2002-Q4;2003-Q1;2003-Q2;2003-Q3;2003-Q4;2004-Q1;2004-Q2;2004-Q3;2004-Q4;2005-Q1;2005-Q2;2005-Q3;2005-Q4;2006-Q1;2006-Q2;2006-Q3;2006-Q4;2007-Q1;2007-Q2;2007-Q3;2007-Q4;2008-Q1;2008-Q2;2008-Q3;2008-Q4;2009-Q1;2009-Q2;2009-Q3;2009-Q4;2010-Q1;2010-Q2;2010-Q3;2010-Q4;2011-Q1;2011-Q2;2011-Q3;2011-Q4;2012-Q1;2012-Q2;2012-Q3;2012-Q4;2013-Q1;2013-Q2;2013-Q3;2013-Q4;2014-Q1;2014-Q2;2014-Q3;2014-Q4;2015-Q1;2015-Q2;2015-Q3;2015-Q4;2016-Q1;2016-Q2;2016-Q3;2016-Q4;2017-Q1;2017-Q2;2017-Q3;2017-Q4;2018-Q1;2018-Q2;2018-Q3;2018-Q4;2019-Q1;2019-Q2;2019-Q3;2019-Q4;2020-Q1;2020-Q2;2020-Q3;2020-Q4;2021-Q1;2021-Q2;2021-Q3;2021-Q4;2022-Q1;2022-Q2;2022-Q3
European Union - 27 countries (from 2020);5.506.467,6;5.546.619,2;5.590.396,8;5.589.363,5;5.725.974,9;5.807.455,3;5.866.319,6;5.846.779,9;6.024.452,9;6.154.226,4;6.197.406,6;6.143.254,6;6.304.148,8;6.415.599,2;6.425.750,1;6.420.182,5;6.517.940,9;6.575.481,3;6.612.556,5;6.573.566,4;6.676.166,8;6.763.666,4;6.754.731,8;6.689.885,9;6.826.050,3;6.932.691,0;6.978.351,1;7.207.709,9;7.503.877,0;7.767.874,3;7.929.843,6;8.021.697,7;8.244.384,7;8.428.945,9;8.531.416,5;8.830.822,4;8.995.084,4;9.138.068,5;9.173.114,4;9.262.712,9;9.390.111,6;9.556.365,9;9.587.765,1;9.687.372,9;9.891.971,1;10.007.621,1;9.984.413,4;9.997.313,2;10.126.347,5;10.229.705,5;10.215.304,1;10.242.750,7;10.411.179,2;10.413.558,1;10.415.764,1;10.395.286,3;10.592.560,9;10.665.236,3;10.602.301,2;10.580.286,5;10.711.818,9;10.777.541,5;10.751.790,0;10.686.752,4;10.762.385,6;10.780.139,1;10.844.708,3;10.781.768,6;10.915.150,5;10.971.443,6;11.003.231,3;10.871.059,7;11.094.423,5;11.888.100,1;12.072.781,4;12.090.479,7;12.418.930,4;12.639.315,4;12.762.163,3;12.762.414,3;12.995.917,9;13.121.764,5;13.180.283,4
Euro area – 20 countries (from 2023);5.116.813,0;5.163.853,7;5.192.783,9;5.187.905,7;5.318.408,2;5.401.779,7;5.455.833,5;5.441.799,9;5.601.986,7;5.721.536,6;5.758.008,7;5.700.308,8;5.854.220,9;5.963.524,0;5.974.919,6;5.964.805,5;6.069.173,4;6.125.783,5;6.153.912,1;6.103.876,1;6.212.100,2;6.299.556,1;6.291.668,3;6.216.784,9;6.356.406,9;6.448.977,0;6.496.908,7;6.727.779,4;7.040.103,6;7.271.318,3;7.396.692,7;7.470.799,9;7.659.473,6;7.838.780,2;7.911.144,2;8.199.945,2;8.348.079,3;8.484.885,4;8.532.018,3;8.615.092,9;8.717.752,3;8.877.833,1;8.890.210,2;8.987.731,5;9.173.340,5;9.294.167,2;9.260.555,1;9.280.086,2;9.428.758,5;9.524.004,1;9.497.722,8;9.514.938,1;9.659.906,8;9.667.459,4;9.673.454,9;9.645.342,7;9.840.188,6;9.911.893,9;9.851.130,1;9.822.210,0;9.933.746,7;9.995.791,3;9.989.204,2;9.909.654,3;9.993.140,9;10.024.910,1;10.079.423,3;10.009.745,2;10.147.669,8;10.200.062,6;10.240.195,7;10.097.974,9;10.329.961,2;11.021.453,9;11.190.409,1;11.161.752,1;11.475.436,1;11.672.317,7;11.796.440,5;11.787.368,1;12.023.819,8;12.148.935,9;12.198.121,1
Euro area - 19 countries  (2015-2022);5.106.774,2;5.153.824,9;5.182.628,3;5.177.508,2;5.307.348,1;5.390.337,7;5.444.279,4;5.430.177,6;5.589.775,8;5.708.303,9;5.744.696,8;5.687.098,1;5.839.820,4;5.948.660,8;5.960.047,2;5.949.680,8;6.053.862;6.110.115,5;6.138.336,7;6.088.341,3;6.196.242,3;6.283.238,1;6.275.280,6;6.200.296,5;6.339.672,2;6.431.952,5;6.479.530,4;6.709.220,1;7.020.879,8;7.251.003,2;7.375.539,5;7.448.703;7.636.406,5;7.815.192,2;7.886.155,8;8.174.154,8;8.320.135,6;8.457.309,1;8.503.728;8.586.574,2;8.688.132,3;8.847.495;8.859.721,7;8.956.984,5;9.141.875,2;9.261.086,6;9.227.062,4;9.244.700,2;9.393.297,4;9.488.250,9;9.461.997,8;9.478.198;9.622.033;9.630.056,5;9.635.909,5;9.607.811,1;9.802.544,6;9.874.561,9;9.813.334,8;9.784.637,2;9.894.133,7;9.957.703,4;9.951.027,8;9.871.291,3;9.954.944,2;9.986.051,8;10.041.116,2;9.971.083,4;10.108.701,3;10.159.848,4;10.200.153,3;10.058.561,9;10.290.712,8;10.977.845,9;11.147.215,2;11.117.973,8;11.430.384,6;11.626.731,9;11.750.307,6;11.741.627,3;11.978.574,3;12.103.279,3;12.152.370,9
Belgium;295.527,0;293.733,0;292.962,0;288.111,0;297.454,0;296.833,0;295.755,0;285.867,0;300.650,0;300.425,0;301.260,0;288.419,0;303.644,0;302.370,0;301.465,0;294.975,0;308.285,0;303.188,0;305.313,0;297.495,0;307.996,0;307.882,0;314.884,0;300.064,0;314.287,0;313.627,0;319.139,0;327.683,0;345.956,0;348.259,0;353.339,0;347.224,0;363.995,0;369.232,0;368.896,0;364.132,0;381.224,0;380.304,0;386.236,0;389.107,0;404.786,0;410.818,0;409.816,0;404.752,0;424.169,0;428.088,0;425.495,0;414.432,0;435.321,0;438.932,0;439.129,0;431.379,0;450.488,0;446.969,0;447.528,0;438.497,0;454.143,0;459.405,0;459.221,0;451.612,0;462.288,0;460.098,0;466.774,0;454.041,0;469.908,0;470.073,0;470.577,0;459.381,0;477.752,0;477.468,0;480.044,0;467.240,0;492.125,0;524.244,0;515.878,0;515.168,0;537.303,0;546.530,0;548.189,0;548.488,0;562.175,0;573.668,0;575.009,0
Bulgaria;10.255,6;9.257,0;9.278,4;8.890,3;8.680,2;8.617,2;8.473,8;8.126,5;8.381,5;8.346,5;7.769,9;7.526,2;6.877,1;7.034,3;6.458,2;6.388,6;5.986,1;5.901,6;5.863,3;5.721,0;5.431,2;5.343,9;5.331,0;5.296,9;4.875,2;4.858,0;4.923,1;4.848,6;4.779,5;4.988,6;4.947,5;5.112,5;5.124,2;5.273,0;5.590,2;5.857,0;5.725,7;5.768,6;5.815,6;6.285,0;6.410,8;6.321,4;7.261,2;7.005,7;6.885,4;6.885,5;6.625,3;7.147,6;7.680,8;8.141,7;9.653,9;11.619,3;12.537,8;12.480,5;11.956,3;11.871,6;13.647,9;13.656,5;13.611,1;14.188,1;13.954,6;14.027,0;13.126,6;13.182,6;12.656,0;12.614,1;12.516,8;12.427,2;11.950,5;11.947,1;12.213,6;12.311,1;12.330,8;12.846,1;15.269,3;15.131,7;15.273,9;15.723,2;15.824,7;17.009,9;16.231,2;16.441,7;18.708,8
Czechia;20.100,2;22.160,3;23.279,0;22.013,9;24.363,7;25.020,1;25.114,0;24.530,7;26.049,1;28.254,4;28.111,8;28.673,0;29.705,5;29.746,6;30.344,9;31.385,6;32.357,6;33.049,5;33.606,7;35.405,0;35.057,9;35.643,9;36.450,6;39.606,2;40.121,1;45.212,7;44.043,1;42.298,6;41.857,6;49.132,1;51.690,2;49.824,4;53.200,0;53.740,8;61.419,6;59.059,8;61.645,0;62.535,8;63.291,4;62.576,1;69.397,7;67.913,8;71.573,4;71.778,7;71.738,9;69.899,5;69.653,2;67.096,2;66.979,0;66.221,7;66.364,7;65.581,0;66.627,2;67.076,8;67.228,7;67.943,9;68.658,6;68.202,6;67.057,8;64.939,8;71.184,6;73.429,7;66.950,0;68.520,7;72.117,5;70.324,1;69.135,1;67.431,3;71.143,9;71.388,3;69.138,9;68.492,7;69.171,8;84.706,7;79.798,2;81.922,9;96.128,2;98.771,1;95.463,5;103.259,8;110.059,9;112.978,5;121.491,3
Denmark;90.372,1;92.399,7;96.599,3;93.174,5;97.587,7;97.072,9;95.842,5;89.061,4;94.680,6;96.542,7;98.373,1;89.394,7;90.837,0;91.447,6;84.646,9;79.532,5;74.546,9;75.834,4;76.293,6;71.183,3;69.334,8;67.173,8;66.811,7;63.755,0;65.245,3;63.831,5;58.342,9;80.547,5;83.712,7;88.924,3;92.292,9;92.986,6;98.857,4;104.987,6;105.750,6;103.472,9;109.626,5;113.174,1;120.566,8;114.452,4;111.170,7;115.308,5;117.924,8;114.025,7;112.553,1;116.286,5;118.198,6;113.943,4;115.312,4;116.239,8;120.987,4;117.801,4;116.565,2;113.474,1;111.884,0;108.532,4;107.205,3;108.770,9;107.236,6;105.450,1;103.765,7;104.961,0;105.753,3;105.727,0;104.853,3;103.921,1;104.467,2;102.597,3;101.735,3;106.753,6;106.019,9;104.152,7;103.822,2;128.015,7;130.628,8;131.823,6;127.316,9;128.475,4;129.187,2;123.315,3;114.791,1;113.702,5;112.961,6
Germany (until 1990 former territory of the FRG);1.285.983,0;1.290.253,0;1.308.782,0;1.317.680,0;1.349.442,0;1.366.466,0;1.389.363,0;1.405.195,0;1.448.336,0;1.457.954,0;1.476.547,0;1.475.183,0;1.503.196,0;1.517.172,0;1.538.463,0;1.545.669,0;1.565.008,0;1.577.341,0;1.595.172,0;1.595.311,0;1.598.431,0;1.616.842,0;1.597.550,0;1.603.669,0;1.622.299,0;1.658.080,0;1.653.647,0;1.672.576,0;1.702.501,0;1.767.842,0;1.775.758,0;1.789.213,0;1.808.578,0;1.849.678,0;1.875.566,0;2.102.672,0;2.106.928,0;2.118.978,0;2.134.697,0;2.139.149,0;2.170.134,0;2.216.023,0;2.210.471,0;2.216.705,0;2.206.853,0;2.205.802,0;2.186.604,0;2.201.918,0;2.191.703,0;2.197.939,0;2.199.629,0;2.203.743,0;2.209.784,0;2.175.008,0;2.176.962,0;2.177.231,0;2.186.651,0;2.190.095,0;2.183.539,0;2.161.570,0;2.137.659,0;2.132.326,0;2.127.092,0;2.111.751,0;2.090.093,0;2.075.780,0;2.076.450,0;2.063.571,0;2.074.202,0;2.064.616,0;2.081.101,0;2.046.638,0;2.091.520,0;2.261.026,0;2.334.627,0;2.315.216,0;2.345.586,0;2.397.710,0;2.430.788,0;2.471.628,0;2.475.736,0;2.514.916,0;2.527.294,0
Estonia;332,5;414,4;423,7;442,9;437,3;460,7;470,3;489,7;480,7;493,9;500,0;499,9;501,1;518,7;529,9;533,1;521,4;496,5;525,1;628,1;602,9;515,8;541,9;617,5;710,5;664,3;696,0;749,4;831,5;901,7;893,9;1.023,1;1.010,6;983,3;1.008,9;981,9;1.004,3;1.003,2;998,4;1.027,4;1.126,7;1.250,0;1.660,8;1.762,5;1.807,0;1.853,6;1.907,9;1.934,2;2.028,3;2.053,1;2.070,6;2.129,9;2.056,3;2.058,5;2.056,2;2.077,4;1.991,5;1.963,2;1.982,1;2.174,1;2.105,8;2.096,3;2.123,2;2.174,1;2.143,2;2.127,7;2.112,3;2.127,4;2.084,8;2.477,6;2.498,5;2.373,4;2.511,1;5.088,9;5.128,2;5.094,4;5.321,2;5.524,2;5.754,3;5.534,1;5.629,3;5.702,4;5.585,0
Ireland;40.934,8;41.857,6;42.853,7;41.987,4;42.188,5;44.143,7;44.319,0;43.409,3;44.985,8;46.927,9;45.959,1;43.888,9;45.043,5;46.350,7;46.167,5;44.371,3;46.394,6;46.582,4;45.518,1;43.723,8;45.150,8;45.564,4;53.512,2;47.183,1;51.598,9;60.015,5;71.275,2;79.621,0;89.533,1;101.267,7;103.099,4;104.685,4;124.301,9;123.715,8;139.239,4;144.229,6;155.835,1;158.671,2;187.893,6;189.726,7;194.273,5;199.755,8;210.430,7;210.026,1;218.269,0;218.381,1;218.447,2;215.241,6;215.002,5;209.464,9;208.226,7;203.381,6;203.585,9;204.106,1;203.572,5;201.673,9;207.210,3;200.399,6;202.460,0;200.635,0;208.606,6;211.244,7;210.917,4;201.267,0;210.217,5;214.493,4;215.674,0;205.847,5;215.002,0;213.750,8;213.029,2;203.363,7;213.576,2;225.691,3;227.091,4;217.741,5;230.325,6;234.466,8;236.303,8;236.073,0;235.133,1;236.603,4;236.142,4
Greece;161.507,0;162.757,0;164.471,0;171.410,0;170.278,0;174.153,0;174.592,0;181.510,0;187.837,0;198.359,0;199.794,0;199.282,0;200.892,0;209.098,0;212.478,0;213.976,0;214.744,0;219.515,0;221.659,0;225.730,0;231.675,0;233.269,0;234.171,0;239.915,0;244.548,0;249.692,0;256.238,0;264.775,0;281.548,0;291.479,0;296.231,0;301.062,0;311.473,0;315.853,0;328.594,0;330.570,0;342.265,0;342.057,0;348.354,0;356.235,0;281.499,0;301.787,0;301.208,0;305.085,0;306.699,0;317.674,0;318.007,0;320.498,0;319.971,0;322.055,0;319.175,0;319.629,0;303.363,0;301.980,0;303.907,0;311.729,0;309.104,0;315.274,0;311.151,0;315.012,0;310.661,0;309.090,0;313.489,0;317.481,0;322.573,0;323.396,0;335.028,0;334.721,0;337.410,0;335.515,0;334.277,0;331.093,0;329.649,0;333.892,0;337.727,0;341.153,0;344.269,0;354.114,0;357.369,0;353.434,0;357.676,0;359.110,0;357.431,0
Spain;379.002,0;383.191,0;381.131,0;384.145,0;381.976,0;389.134,0;382.788,0;382.775,0;388.781,0;390.340,0;386.682,0;389.888,0;394.722,0;393.037,0;390.459,0;393.479,0;393.984,0;390.270,0;394.583,0;392.132,0;398.734,0;400.012,0;391.300,0;384.662,0;380.270,0;390.638,0;403.722,0;440.621,0;473.710,0;511.173,0;533.678,0;569.535,0;586.851,0;609.032,0;620.541,0;649.153,0;691.086,0;710.840,0;713.895,0;743.043,0;781.571,0;810.956,0;823.547,0;927.813,0;1.000.221,0;1.014.560,0;1.024.830,0;1.025.655,0;1.053.452,0;1.066.099,0;1.073.210,0;1.084.846,0;1.095.614,0;1.100.882,0;1.110.817,0;1.113.661,0;1.135.747,0;1.144.690,0;1.146.320,0;1.145.050,0;1.165.853,0;1.174.893,0;1.176.715,0;1.183.412,0;1.199.832,0;1.202.859,0;1.214.636,0;1.208.861,0;1.231.635,0;1.242.270,0;1.238.656,0;1.223.355,0;1.258.745,0;1.325.133,0;1.342.410,0;1.345.786,0;1.393.076,0;1.424.717,0;1.432.341,0;1.427.238,0;1.453.855,0;1.475.368,0;1.503.799,0
France;909.606,0;936.554,0;940.257,0;956.794,0;988.478,0;1.028.178,0;1.043.958,0;1.050.356,0;1.071.942,0;1.106.206,0;1.111.265,0;1.123.615,0;1.146.706,0;1.165.760,0;1.171.662,0;1.189.919,0;1.199.157,0;1.195.959,0;1.207.702,0;1.194.106,0;1.230.606,0;1.262.966,0;1.265.199,0;1.252.867,0;1.294.330,0;1.313.423,0;1.330.405,0;1.370.326,0;1.453.804,0;1.542.608,0;1.582.240,0;1.607.983,0;1.652.990,0;1.710.802,0;1.689.474,0;1.701.122,0;1.745.488,0;1.790.115,0;1.784.947,0;1.807.957,0;1.864.357,0;1.899.823,0;1.879.100,0;1.892.540,0;1.929.283,0;1.971.027,0;1.959.365,0;1.977.734,0;2.020.343,0;2.038.600,0;2.043.717,0;2.039.884,0;2.092.105,0;2.108.692,0;2.107.130,0;2.101.255,0;2.176.341,0;2.209.506,0;2.201.172,0;2.188.481,0;2.252.256,0;2.275.804,0;2.271.620,0;2.254.331,0;2.282.382,0;2.296.132,0;2.316.104,0;2.310.877,0;2.351.767,0;2.368.031,0;2.408.699,0;2.374.942,0;2.433.643,0;2.634.209,0;2.670.393,0;2.656.153,0;2.745.096,0;2.768.666,0;2.840.922,0;2.821.899,0;2.910.657,0;2.916.834,0;2.956.801,0
Croatia;10.038,8;10.028,8;10.155,6;10.397,5;11.060,2;11.442,0;11.554,1;11.622,3;12.210,9;13.232,6;13.312,0;13.210,7;14.400,5;14.863,2;14.872,4;15.124,7;15.311,4;15.668,1;15.575,3;15.534,8;15.857,9;16.318,0;16.387,6;16.488,4;16.734,7;17.024,5;17.378,4;18.559,3;19.223,8;20.315,2;21.153,1;22.096,9;23.067,1;23.588,0;24.988,4;25.790,4;27.943,7;27.576,4;28.290,3;28.518,7;29.620,0;30.338,1;30.488,5;30.747,0;31.465,3;33.081,0;33.493,1;35.386,3;35.462,6;35.754,7;35.726,5;36.741,7;37.876,6;37.405,8;37.548,1;37.534,5;37.646,9;37.334,9;37.798,4;37.575,8;39.616,0;38.090,9;38.179,3;38.365,9;38.199,8;38.861,2;38.310,0;38.664,6;38.971,3;40.217,1;40.045,2;39.415,7;39.251,1;43.610,7;43.196,4;43.780,8;45.054,1;45.588,2;46.135,4;45.743,2;45.247,9;45.659,0;45.752,5
Italy;1.460.109,5;1.465.040,0;1.467.742,9;1.436.141,8;1.474.858,0;1.483.887,5;1.502.193,8;1.471.325,7;1.524.971,2;1.566.635,7;1.571.859,4;1.526.400,5;1.587.650,7;1.631.133,7;1.616.144,5;1.591.580,6;1.642.941,2;1.676.226,8;1.678.931,5;1.657.334,2;1.686.652,3;1.701.326,3;1.700.548,1;1.677.649,8;1.726.441,5;1.729.810,8;1.725.252,0;1.738.647,0;1.817.198,6;1.829.340,1;1.865.219,2;1.839.232,6;1.876.146,6;1.900.490,6;1.920.853,9;1.920.620,2;1.943.492,7;1.977.596,7;1.959.696,8;1.973.445,2;2.021.506,7;2.050.133,0;2.064.254,1;2.054.727,9;2.101.498,0;2.142.907,0;2.135.756,2;2.136.202,1;2.187.827,3;2.236.458,2;2.202.382,1;2.202.971,5;2.252.980,9;2.273.259,2;2.261.564,6;2.239.382,9;2.298.237,8;2.319.536,6;2.282.337,7;2.285.669,0;2.327.531,2;2.357.524,0;2.360.337,4;2.329.858,6;2.369.271,5;2.389.485,2;2.397.813,1;2.381.513,2;2.416.413,8;2.444.094,6;2.441.306,3;2.410.010,7;2.433.631,5;2.530.458,3;2.584.474,0;2.572.756,2;2.650.565,0;2.695.474,0;2.707.227,5;2.678.098,3;2.755.466,4;2.768.877,0;2.743.111,1
Cyprus;6.875,0;7.245,9;7.683,5;7.339,8;7.526,7;7.713,8;8.044,7;8.184,8;8.474,8;9.034,1;9.055,1;9.055,9;9.117,6;9.478,4;9.706,5;9.595,9;9.613,9;9.756,9;9.681,1;9.597,7;9.862,4;9.620,3;9.407,4;9.462,0;8.788,8;8.666,3;8.499,5;8.658,7;9.670,3;12.178,3;11.959,0;10.139,1;10.811,4;10.956,0;10.566,4;10.953,8;11.414,4;12.163,7;12.192,0;13.058,0;13.650,2;15.047,1;15.322,2;15.618,5;15.606,6;17.071,2;18.670,1;18.706,4;18.470,9;19.575,3;18.619,8;19.013,7;18.895,6;19.365,2;19.371,7;19.163,9;19.327,5;19.241,3;19.909,9;19.509,3;19.636,8;19.854,7;19.536,4;18.814,0;18.523,1;20.924,1;22.623,3;21.256,3;21.989,4;22.997,3;21.295,4;20.958,0;21.525,0;24.414,1;25.379,3;24.852,1;26.044,7;24.879,3;24.820,7;24.271,0;25.158,4;24.180,6;24.002,7
Latvia;1.293,2;1.257,9;1.265,8;1.251,5;1.350,1;1.371,3;1.444,4;1.410,2;1.470,4;1.600,3;1.637,4;1.628,6;1.597,3;1.572,0;1.566,3;1.638,8;1.730,4;1.708,3;1.679,0;1.736,5;1.816,4;1.777,0;1.751,3;1.935,1;2.332,8;2.444,5;2.627,8;4.511,3;4.877,3;5.081,5;6.668,0;6.957,0;7.879,2;7.711,7;7.857,6;8.537,7;8.593,6;8.782,5;8.913,9;8.948,5;9.505,5;9.381,2;9.058,6;9.364,1;9.154,8;9.115,3;9.097,2;9.172,0;9.264,5;9.927,1;9.896,6;9.817,9;8.660,6;8.639,9;9.028,9;9.089,1;9.053,6;9.787,6;9.569,5;10.224,1;10.091,1;10.417,9;10.217,6;10.492,6;9.917,5;10.546,3;10.839,3;10.784,0;11.358,4;11.176,2;11.208,5;11.209,1;11.249,3;12.708,8;13.102,6;12.710,6;13.389,3;13.254,2;13.791,3;14.688,4;14.582,9;15.146,8;15.085,4
Lithuania;3.309,1;3.578,5;3.385,3;3.365,7;3.764,7;3.451,9;3.480,9;3.395,1;3.700,4;3.549,8;3.515,5;3.404,5;3.547,7;3.503,2;3.424,7;3.701,9;3.756,5;3.705,5;3.673,5;4.151,9;4.191,8;4.154,3;4.040,7;4.609,7;4.201,9;4.394,4;4.327,3;4.762,1;5.589,2;6.296,1;6.855,2;7.528,5;9.114,7;8.919,3;9.638,7;10.150,9;10.711,9;10.718,1;10.890,2;11.629,3;13.282,5;12.745,2;13.006,7;13.264,1;13.456,5;13.497,8;13.435,5;13.550,8;14.011,3;13.754,4;13.719,1;14.827,6;13.883,9;13.803,0;14.081,3;15.880,8;14.975,6;15.092,0;15.656,8;15.446,7;15.363,8;16.691,5;16.078,8;16.540,3;15.301,0;15.139,0;15.351,4;15.321,7;15.535,0;16.802,1;16.997,9;17.525,7;16.232,7;20.132,3;22.417,5;23.062,2;22.563,0;23.115,1;24.160,2;24.535,5;23.308,0;24.224,8;24.036,1
Luxembourg;1.789,3;1.809,8;1.830,9;1.864,4;1.811,7;1.870,7;1.927,0;1.951,1;1.827,9;1.883,4;1.966,6;2.208,4;2.173,6;2.154,7;2.230,4;2.409,2;2.588,0;2.631,6;2.696,5;2.805,8;2.824,6;3.018,6;3.021,3;3.048,9;3.257,5;3.300,8;3.307,9;5.855,4;6.012,8;6.042,9;6.155,5;5.970,4;6.114,6;8.150,6;8.207,5;8.095,7;8.219,2;8.259,8;8.257,5;8.202,4;9.534,0;9.743,7;9.759,3;9.701,5;10.618,4;10.806,1;12.989,5;10.998,6;10.952,9;10.992,9;11.024,0;11.317,5;11.294,3;11.295,7;11.329,7;11.433,3;11.642,5;11.494,4;11.409,1;11.011,3;12.785,7;12.621,4;12.781,3;12.678,3;12.463,5;12.528,7;12.564,6;12.570,3;12.594,2;12.548,2;12.544,4;13.962,9;14.201,3;15.083,1;16.534,9;15.878,4;18.368,0;17.805,6;17.808,9;17.733,3;16.790,9;19.313,1;19.213,2
Hungary;34.581,1;35.528,2;37.391,6;41.007,4;42.010,2;40.314,7;43.222,8;42.348,3;46.391,5;48.140,8;49.993,2;50.505,1;53.578,3;55.539,8;55.915,1;54.075,6;56.786,4;55.207,8;58.540,6;62.298,8;65.046,2;66.939,7;66.094,4;66.503,3;67.371,6;73.179,7;71.885,4;73.317,3;71.744,0;74.567,5;76.813,3;76.528,1;80.090,2;78.193,5;79.665,7;79.114,5;85.350,6;80.810,8;79.218,2;72.881,6;76.628,6;77.833,0;78.749,2;77.530,7;77.583,4;79.674,1;78.364,6;78.882,3;82.229,9;83.533,8;82.490,5;79.575,8;86.079,2;84.740,5;85.516,3;83.833,8;86.694,4;85.328,8;87.252,8;87.470,1;89.862,1;90.298,5;89.968,2;91.265,8;92.916,0;90.305,7;92.323,4;93.372,4;94.536,9;94.423,6;93.231,2;94.210,1;88.088,1;93.247,1;95.788,7;105.495,3;107.597,2;111.976,1;116.833,5;114.714,7;119.873,1;116.505,2;113.420,0
Malta;3.049,5;2.937,8;2.974,6;2.927,3;3.042,3;3.136,0;3.188,4;3.267,4;3.310,0;3.426,3;3.445,4;3.449,6;3.481,3;3.532,3;3.509,3;3.606,4;3.591,4;3.437,0;3.473,5;3.472,9;3.447,9;3.580,3;3.488,1;3.584,6;3.512,2;3.688,2;3.750,3;3.837,0;3.875,6;4.030,7;4.083,9;4.152,7;4.199,7;4.337,2;4.421,1;4.462,5;4.552,1;4.675,0;4.667,0;4.848,3;4.880,2;5.047,4;4.938,0;4.907,4;5.214,7;5.338,3;5.448,7;5.278,4;5.532,4;5.789,1;5.653,3;5.433,3;5.651,2;5.664,9;5.685,4;5.623,1;5.845,8;5.855,7;5.819,5;5.769,7;5.933,5;5.899,4;5.876,9;5.705,4;5.763,7;5.800,5;5.570,5;5.662,1;5.848,2;5.871,2;5.664,0;5.720,2;5.951,5;6.659,1;6.852,7;6.974,6;7.492,7;8.021,9;7.975,9;8.267,8;8.655,2;8.599,1;8.737,8
Netherlands;243.228,0;246.486,0;245.679,0;244.876,0;252.252,0;251.066,0;256.971,0;256.443,0;263.010,0;266.911,0;271.308,0;266.292,0;267.543,0;282.157,0;275.951,0;274.237,0;275.060,0;275.679,0;273.053,0;264.117,0;269.247,0;274.407,0;271.877,0;266.181,0;275.123,0;278.175,0;283.757,0;353.996,0;370.264,0;360.820,0;360.354,0;354.723,0;359.255,0;372.330,0;374.119,0;378.722,0;382.762,0;390.859,0;396.582,0;401.263,0;406.954,0;417.041,0;423.043,0;432.395,0;435.429,0;447.201,0;446.424,0;446.999,0;445.360,0;456.007,0;454.463,0;455.806,0;464.408,0;453.281,0;451.480,0;446.069,0;446.607,0;442.277,0;433.494,0;438.462,0;427.076,0;426.312,0;417.840,0;420.375,0;412.993,0;409.224,0;405.943,0;405.840,0;398.340,0;403.826,0;395.125,0;394.732,0;403.408,0;441.900,0;441.582,0;435.459,0;439.971,0;447.923,0;442.903,0;449.026,0;446.419,0;457.624,0;450.573,0
Austria;157.240,0;156.899,0;157.658,3;151.295,9;158.521,7;162.942,0;158.363,4;152.688,1;160.476,4;168.531,0;170.565,5;157.985,4;179.922,1;188.052,9;188.406,6;174.403,5;184.177,5;192.768,7;187.612,6;180.270,0;193.517,1;202.515,5;210.802,2;184.674,5;191.205,1;192.985,5;195.202,0;201.809,9;211.187,6;215.275,4;211.641,4;230.014,6;232.610,9;242.320,9;244.485,6;244.696,8;247.737,1;250.384,0;251.960,3;255.683,8;259.405,1;264.798,4;260.843,0;261.040,8;264.560,9;264.288,8;270.888,5;263.229,5;265.334,9;270.819,0;267.291,6;280.001,0;284.962,4;290.497,8;293.290,6;292.264,6;298.401,0;298.233,9;291.737,2;296.244,5;292.616,0;294.613,4;293.033,7;289.951,3;289.514,3;289.578,1;288.840,2;285.421,8;283.149,2;281.952,7;281.571,3;280.532,5;289.498,2;316.344,5;300.993,5;315.980,4;327.417,2;334.902,0;333.103,0;334.162,1;348.606,6;354.609,0;355.611,6
Poland;88.167,2;80.938,2;83.027,7;84.224,1;82.304,5;83.539,9;82.094,7;83.894,0;89.155,0;94.438,9;97.701,2;103.059,1;107.541,4;112.564,4;115.160,6;119.592,0;123.650,0;123.428,2;126.625,3;131.958,8;134.231,4;136.059,1;136.396,0;147.052,7;148.235,1;158.399,4;159.473,3;144.651,7;135.047,5;143.741,9;157.537,3;166.538,0;181.456,6;179.235,8;192.544,2;194.894,8;200.321,6;204.391,9;189.679,4;192.144,5;208.012,8;209.011,5;214.374,5;216.868,9;218.750,1;215.204,0;221.146,0;224.119,6;196.832,1;200.161,0;202.180,2;204.509,3;218.671,1;214.560,4;215.509,1;216.566,3;221.510,0;221.463,9;227.604,2;229.014,4;240.582,5;241.450,3;235.822,9;241.130,0;245.335,3;236.432,4;240.801,4;240.804,8;245.732,2;247.587,8;241.199,6;245.729,6;242.622,7;281.873,7;287.457,7;293.124,1;298.868,4;310.206,4;307.124,5;306.837,2;304.244,9;309.882,5;305.115,8
Portugal;77.762,7;79.742,5;82.813,5;85.594,9;89.364,8;87.801,0;90.567,3;93.333,4;94.034,6;97.514,9;99.067,8;102.157,9;103.676,8;106.005,8;111.350,5;114.552,9;115.306,7;119.662,8;119.942,0;122.499,7;120.899,1;122.693,5;124.561,3;127.625,5;126.675,9;130.360,4;131.606,4;135.477,9;139.901,8;148.244,8;147.854,2;154.014,0;160.030,6;167.226,5;174.883,5;179.996,0;181.859,2;201.535,4;207.376,3;201.459,4;207.099,4;212.859,1;215.604,7;217.160,3;220.536,8;226.995,6;221.692,8;224.077,6;231.035,3;229.207,3;233.965,0;230.058,8;232.287,8;231.441,9;236.361,4;235.746,2;237.547,5;244.086,3;248.628,6;245.244,8;247.750,0;253.343,2;253.459,8;247.174,5;250.325,4;251.106,0;253.165,0;249.260,5;254.689,4;251.447,1;252.454,5;249.977,5;254.797,0;259.900,8;267.040,1;270.494,9;275.290,2;277.503,8;271.539,9;269.249,6;275.938,0;280.610,5;279.873,3
Romania;9.994,3;9.718,5;10.175,5;10.757,1;10.165,0;10.333,3;10.414,4;10.309,5;10.764,2;11.331,7;11.697,0;11.768,7;11.513,3;12.844,1;12.492,1;12.397,7;12.284,7;11.753,5;11.884,9;12.585,6;13.264,5;14.087,3;13.712,1;14.099,4;13.620,8;14.041,7;14.305,5;16.555,6;18.790,8;20.359,4;24.988,6;27.295,7;32.037,8;32.158,5;33.902,9;36.728,8;39.073,6;42.397,0;41.221,4;43.937,9;47.531,8;46.406,5;45.805,7;49.445,7;51.386,0;51.587,1;52.806,3;53.429,3;55.155,1;56.578,7;56.560,2;58.489,2;58.073,8;57.030,0;57.629,3;59.494,1;59.538,8;59.429,7;60.489,3;62.788,9;63.277,0;64.966,1;63.972,2;64.559,5;64.700,9;65.566,6;67.178,3;70.873,5;69.191,8;71.370,4;75.880,8;78.088,4;83.183,5;88.536,1;92.564,9;102.678,2;102.886,8;106.780,3;112.471,5;116.694,6;120.082,6;125.725,1;130.883,0
Slovenia;6.369,7;6.504,6;6.637,4;6.707,8;6.598,5;6.772,8;6.857,0;6.943,8;7.131,9;7.243,1;7.305,7;7.427,5;7.824,3;7.373,1;7.532,8;7.690,1;7.866,5;7.978,4;8.020,9;8.201,5;9.021,3;8.179,8;7.988,2;8.013,6;8.693,1;8.144,7;8.175,2;8.262,5;9.445,7;11.074,5;12.550,2;12.517,5;13.542,6;13.558,7;13.722,9;13.916,2;16.764,3;16.251,9;16.260,9;17.216,6;17.292,2;17.599,1;17.485,6;19.417,7;19.324,5;22.070,2;22.120,0;25.520,1;28.178,2;28.833,6;28.924,1;30.219,9;30.836,0;30.684,1;32.196,5;32.087,4;32.522,4;32.341,6;32.655,8;31.756,0;32.965,4;33.330,9;33.348,6;31.893,0;33.026,1;32.339,2;32.246,3;32.245,0;31.575,5;31.815,7;32.403,6;31.751,0;33.390,1;36.889,8;36.716,7;37.422,9;40.156,1;39.469,9;40.140,7;38.877,3;40.244,1;41.053,0;41.752,7
Slovakia;12.885,7;12.515,9;12.303,8;12.273,9;12.153,8;12.495,4;12.569,1;13.125,1;13.702,6;14.304,6;14.417,2;14.977,1;14.099,5;13.371,3;13.342,2;13.945,2;14.564,9;14.228,6;14.389,0;15.496,2;15.516,6;17.108,3;17.018,0;17.194,1;16.456,1;17.723,0;18.229,9;19.616,1;19.925,3;22.044,5;23.215,1;23.305,7;23.889,4;26.062,2;25.969,8;27.928,8;29.449,1;30.051,7;30.021,7;30.979,9;33.434,7;36.373,5;37.508,0;38.098,1;40.183,4;42.431,1;41.835,2;40.742,0;43.071,9;41.876,1;41.972,7;40.844,0;41.455,9;42.034,6;41.770,5;41.413,4;41.413,5;42.655,9;42.789,1;42.481,3;44.063,3;43.122,6;43.344,2;43.572,5;44.080,2;45.688,5;46.165,9;44.405,3;44.999,2;44.964,6;45.166,4;45.306,0;46.415,1;54.868,5;55.125,3;55.022,9;55.185,6;57.915,2;58.717,1;61.267,4;61.882,4;62.018,4;61.677,1
Finland;59.970,0;61.047,0;61.773,0;63.299,0;65.850,0;68.461,0;67.427,0;68.508,0;64.653,0;66.964,0;68.546,0;71.335,0;64.482,0;66.020,0;65.658,0;69.397,0;64.571,0;68.980,0;64.712,0;69.532,0;66.050,0;67.806,0;63.619,0;67.340,0;64.941,0;66.119,0;59.673,0;67.435,0;75.054,0;67.349,0;73.894,0;80.200,0;83.731,0;88.437,0;89.197,0;94.286,0;93.409,0;93.844,0;98.361,0;102.829,0;104.698,0;112.013,0;110.986,0;115.931,0;117.916,0;122.902,0;118.472,0;123.726,0;127.352,0;130.333,0;129.394,0;133.359,0;136.152,0;139.974,0;137.406,0;144.443,0;146.692,0;142.306,0;143.161,0;147.963,0;149.120,0;148.849,0;146.271,0;149.457,0;148.133,0;148.978,0;149.053,0;151.384,0;151.923,0;157.791,0;155.678,0;155.613,0;167.909,0;176.587,0;171.863,0;177.906,0;179.480,0;180.776,0;181.899,0;181.942,0;185.266,0;188.265,0;189.411,0
Sweden;136.184,2;132.763,5;137.861,5;141.390,6;142.455,4;140.777,6;145.324,1;146.709,7;147.044,3;145.634,8;145.751,6;152.019,2;149.875,4;142.898,4;145.812,7;152.005,1;143.155,9;144.522,7;145.830,1;150.537,7;141.700,6;138.862,5;138.267,9;136.787,5;130.174,3;124.191,0;128.469,0;117.711,2;107.982,6;114.983,5;125.016,2;132.748,4;134.274,6;136.706,1;141.523,4;151.873,5;145.380,8;144.223,5;141.416,6;155.456,8;153.315,9;155.996,3;162.319,2;163.588,9;180.330,9;174.663,5;177.806,6;173.698,2;174.482,1;175.905,8;180.418,6;191.314,5;193.783,7;197.806,6;193.644,1;202.765,0;196.175,4;197.546,6;188.970,1;195.276,4;196.489,6;193.658,8;188.028,6;192.748,5;176.701,6;176.094,9;178.885,7;184.531,9;173.205,1;167.925,1;165.366,5;170.114,7;165.257,7;177.735,3;181.679,2;198.565,8;195.437,0;195.079,0;188.831,8;193.228,3;186.829,0;177.606,3;179.595,0
Norway;55.906,3;57.922,5;63.944,8;72.469,4;75.301,6;79.197,2;78.119,6;80.555,7;82.145,9;94.467,7;97.982,0;93.255,4;95.723,9;98.630,2;104.312,3;103.990,2;107.132,1;116.903,9;125.060,5;141.002,6;137.744,4;137.501,2;150.527,3;146.325,1;126.167,5;125.076,6;131.380,7;126.517,2;128.432,7;119.503,4;131.507,2;123.841,5;128.602,4;135.239,9;135.685,0;142.099,8;143.490,3;142.278,8;133.333,1;104.538,8;115.634,7;113.844,7;119.580,0;121.508,9;125.771,8;121.492,7;116.748,2;113.430,7;114.479,0;106.537,9;107.880,4;99.534,3;109.884,0;109.107,6;106.639,1;108.194,0;112.701,4;122.302,5;125.315,8;126.878,6;133.980,7;126.215,4;127.467,0;126.669,6;130.609,2;132.062,0;129.788,6;139.722,2;134.270,3;130.785,9;126.913,8;145.470,4;127.521,0;130.529,9;126.770,9;149.360,7;148.345,1;135.501,1;139.575,8;179.089,0;167.718,1;168.397,6;180.363,4